model,image_path,image_size,question_no,question,answer,input_tokens,output_tokens,input_cost,output_cost,execution_time
claude-3-opus-20240229,./osho_menu.jpg,3193x2489,1,ザ・北浜タワーセットの価格を教えてください。,"ザ・北浜タワーセットの価格は1000円+税です。

手順:
1. メニュー表の中から「ザ・北浜タワーセット」の項目を探す。
2. 「ザ・北浜タワーセット」の価格欄を確認する。
3. 価格は「¥1000 +税」と記載されている。

以上より、ザ・北浜タワーセットの価格は1000円+税であることがわかります。",1685,145,0.025275000000000002,0.010875,12.860034942626953
claude-3-opus-20240229,./osho_menu_lite.jpg,798x622,1,ザ・北浜タワーセットの価格を教えてください。,"ザ・北浜タワーセットの価格を確認するステップは以下の通りです:

1. 画像のメニューを見ると、様々な食事セットが掲載されています。
2. メニューの中から「ザ・北浜タワーセット」を探します。
3. 「ザ・北浜タワーセット」の価格は1000円+税と記載されています。

以上より、ザ・北浜タワーセットの価格は1000円+税であることがわかります。",812,154,0.01218,0.01155,11.559577226638794
claude-3-opus-20240229,./osho_menu.jpg,3193x2489,2,牛パワーセットのライスを大盛りにしたときの価格を教えて下さい。,"A: 牛パワーセットのライスを大盛りにしたときの価格を求めるステップは以下の通りです。

Step 1: メニューを確認すると、牛パワーセットの価格は900円+税となっています。

Step 2: メニューの注意書きを見ると、ライス大盛り+50円アップとあります。

Step 3: 牛パワーセットのライスを大盛りにする場合、900円+50円=950円になります。

Step 4: メニューには「各セットの大盛り価格」と書かれているので、950円が税込み価格だと考えられます。

したがって、牛パワーセットのライスを大盛りにしたときの価格は950円(税込)です。",1694,225,0.025410000000000002,0.016874999999999998,17.016987800598145
claude-3-opus-20240229,./osho_menu_lite.jpg,798x622,2,牛パワーセットのライスを大盛りにしたときの価格を教えて下さい。,"牛パワーセットのライスを大盛りにしたときの価格を求めるには以下のステップで計算します。

Step 1: メニューから牛パワーセットの価格を確認する
牛パワーセットの価格は900円です。

Step 2: ライス大盛りの追加料金を確認する
メニューの下部に「ライス大盛り50円アップ」と記載があるので、ライスを大盛りにすると50円の追加料金がかかります。

Step 3: 牛パワーセットの価格にライス大盛りの追加料金を加算する
900円 + 50円 = 950円

Therefore, 牛パワーセットのライスを大盛りにしたときの価格は950円になります。",821,230,0.012315,0.017249999999999998,14.424472332000732
claude-3-opus-20240229,./osho_menu.jpg,3193x2489,3,餃子とみそ汁が食べられるメニューを教えてください。,"A: 餃子とみそ汁が食べられるメニューは以下の通りです。

1. 「ザ・北浜タワーセット」を選択します。このセットには鶏の唐揚げ、焼飯、すぶた工工房杏仁豆腐スープが含まれており、価格は1000円+税です。

2. 「みそ汁」を単品で追加注文します。みそ汁の価格は130円+税です。

以上の組み合わせで、餃子とみそ汁の両方を楽しむことができます。合計金額は1130円+税になります。",1687,188,0.025305,0.014099999999999998,15.88891053199768
claude-3-opus-20240229,./osho_menu_lite.jpg,798x622,3,餃子とみそ汁が食べられるメニューを教えてください。,"A: 餃子とみそ汁が食べられるメニューを見つけるには、以下のステップで確認します。

1. メニュー表の各セットを確認し、餃子とみそ汁の両方が含まれているかチェックする。

2. 「ザ・北浜タワーセット」を見ると、餃子とみそ汁の両方が含まれていることがわかる。

3. 他のセットを見ても、餃子とみそ汁の両方が含まれているセットは見当たらない。

したがって、このメニュー表の中で餃子とみそ汁の両方が食べられるのは「ザ・北浜タワーセット」だけです。",814,216,0.01221,0.0162,13.838306188583374
claude-3-opus-20240229,./osho_menu.jpg,3193x2489,4,私はダイエット中の30代男性です。ランチにおすすめのメニューはどれですか？,"A: ダイエット中の30代男性にランチでおすすめのメニューは、以下のステップで選ぶのがよいでしょう。

Step 1: カロリーが比較的低めのメニューを選ぶ
画像のメニューの中では、「道修町ラーメンセット」が980円で最もカロリーが低そうです。ラーメンはあっさりしていて、野菜も取れるのでバランスが良いでしょう。

Step 2: 脂肪分の少ないメニューを選ぶ
「ザ・北浜タワーセット」は鶏の唐揚げが含まれており、比較的脂肪分が高そうです。一方、「道修町ラーメンセット」は脂肪分控えめに見えます。

Step 3: バランスの取れた献立のセットを選ぶ
「道修町ラーメンセット」には、ラーメンに加えて餃子や小鉢も付いています。主食・主菜・副菜のバランスが整っていて良いでしょう。

以上のステップから、ダイエット中の30代男性にランチでおすすめなのは、「道修町ラーメンセット」だと思われます。適度なボリュームで栄養バランスが良く、比較的カロリーや脂肪分も控えめなので、ダイエット中の食事に適しているでしょう。",1696,436,0.02544,0.0327,28.598102569580078
claude-3-opus-20240229,./osho_menu_lite.jpg,798x622,4,私はダイエット中の30代男性です。ランチにおすすめのメニューはどれですか？,"ダイエット中の30代男性にランチでおすすめのメニューを選ぶステップは以下の通りです。

Step 1: カロリーが低めのメニューを選ぶ
メニューの中で比較的カロリーが低そうなのは、ザ・北浜タワーセット(1000円+税)、元気バリバリセット(860円+税)です。

Step 2: バランスの取れた栄養素が含まれているか確認する
ザ・北浜タワーセットは、ごはん、味噌汁、小鉢、おかずがセットになっており、バランスが取れています。
元気バリバリセットは、チキン南蛮、ごはん、味噌汁、小鉢のセットで、タンパク質も取れるバランスの良い内容です。

Step 3: 食物繊維も意識する
両セットとも、小鉢に野菜料理が含まれていると推測されるので、ある程度の食物繊維は取れそうです。

Step 4: 総合的におすすめのメニューを選ぶ
カロリー、栄養バランス、食物繊維の観点から、ダイエット中の30代男性におすすめなのは「元気バリバリセット」だと思われます。
タンパク質が多く、野菜も取れ、カロリーも比較的低めに抑えられているので、ダイエットに適したメニューと言えるでしょう。

以上の点から、ダイエット中の30代男性におすすめのランチメニューは「元気バリバリセット」になります。",823,492,0.012345,0.036899999999999995,29.635167121887207
claude-3-sonnet-20240229,./osho_menu.jpg,3193x2489,1,ザ・北浜タワーセットの価格を教えてください。,"ザ・北浜タワーセットの価格を見つけるための手順は以下の通りです。

ステップ1: 画像を注意深く見渡し、メニューの項目を探します。
ステップ2: 「ザ・北浜タワーセット」という項目を見つけます。
ステップ3: その項目の横に価格が記載されているのを確認します。
ステップ4: 価格は¥1000(税込)と記載されています。

したがって、ザ・北浜タワーセットの価格は¥1000(税込)です。",1644,177,0.004932,0.0026550000000000002,6.7431347370147705
claude-3-sonnet-20240229,./osho_menu_lite.jpg,798x622,1,ザ・北浜タワーセットの価格を教えてください。,"ザ・北浜タワーセットの価格を確認するための手順は以下の通りです。

ステップ1: 画像を注意深く見る。
ステップ2: メニューの項目を一つ一つ確認する。
ステップ3: 「ザ・北浜タワーセット」という項目を探す。
ステップ4: その項目の横に価格が記載されているので、それを確認する。

ステップ4で確認すると、「ザ・北浜タワーセット」の価格は1000円と記載されています。",771,171,0.002313,0.002565,5.988985300064087
claude-3-sonnet-20240229,./osho_menu.jpg,3193x2489,2,牛パワーセットのライスを大盛りにしたときの価格を教えて下さい。,"牛パワーセットのライスを大盛りにした場合の価格を確認する手順は以下の通りです。

ステップ1: 画像を見ると、メニューの一覧に「牛パワーセット」という項目があります。

ステップ2: 牛パワーセットの価格は900円(+税)と記載されています。

ステップ3: ライス大盛りの価格は、一般的に100円アップするケースが多いです。

ステップ4: したがって、牛パワーセットのライスを大盛りにした場合の価格は、900円+100円=1,000円(+税)と推測できます。

ただし、この価格設定は店舗によってルールが異なる可能性がありますので、確実な金額を知りたい場合は、お店の方にご確認されることをおすすめします。",1653,260,0.004959,0.0039000000000000003,8.432900667190552
claude-3-sonnet-20240229,./osho_menu_lite.jpg,798x622,2,牛パワーセットのライスを大盛りにしたときの価格を教えて下さい。,"牛パワーセットのライスを大盛りにした場合の価格を確認する手順は以下の通りです。

ステップ1: 画像の中から「牛パワーセット」のメニューを探します。
ステップ2: 「牛パワーセット」の価格は900円と記載されています。
ステップ3: 大盛りの価格は明記されていませんが、通常、ライス大盛りは100円増しになります。
ステップ4: したがって、牛パワーセットのライスを大盛りにした場合の価格は1000円になると推測できます。",780,185,0.00234,0.002775,6.0935423374176025
claude-3-sonnet-20240229,./osho_menu.jpg,3193x2489,3,餃子とみそ汁が食べられるメニューを教えてください。,"餃子とみそ汁が食べられるメニューを見つけるために、以下の手順で回答します。

ステップ1: メニュー画像を注意深く見渡し、餃子とみそ汁が含まれているセットを探します。

ステップ2: 「試合アナリストセット」には、餃子と正油ラーメン(小)が含まれています。正油ラーメンにはみそ汁が付いている可能性があります。

ステップ3: 「元気バリバリセット」には、チキン南蛮、シンキスガン(ラム肉)、ごはん、みそ汁が含まれています。このセットには餃子とみそ汁の両方が含まれています。

ステップ4: したがって、質問の「餃子とみそ汁が食べられるメニュー」としては、「元気バリバリセット」が該当します。",1646,277,0.0049380000000000005,0.004155,9.799460649490356
claude-3-sonnet-20240229,./osho_menu_lite.jpg,798x622,3,餃子とみそ汁が食べられるメニューを教えてください。,"餃子とみそ汁が食べられるメニューを見つけるためのステップは以下の通りです。

ステップ1: 画像の中から、メニュー項目に「餃子」と「みそ汁」の両方が含まれているセットを探します。

ステップ2: 「ザ・北浜タワーセット」には餃子とみそ汁が含まれています。価格は1000円です。

ステップ3: 「醤アナリストセット」にも餃子とみそ汁が含まれています。価格は880円です。

ステップ4: したがって、餃子とみそ汁が食べられるメニューは「ザ・北浜タワーセット」と「醤アナリストセット」の2つです。",773,233,0.002319,0.0034950000000000003,7.4037628173828125
claude-3-sonnet-20240229,./osho_menu.jpg,3193x2489,4,私はダイエット中の30代男性です。ランチにおすすめのメニューはどれですか？,"ダイエット中の30代男性におすすめのランチメニューを選ぶ際は、以下のステップを踏むことをお勧めします。

ステップ1: 低カロリーで栄養バランスの良いメニューを探す。
画像を見ると、「道修町ラーメンセット」が980円で、ラーメンと小盛りの炒飯が含まれています。ラーメンは比較的低カロリーで、炒飯は適量であれば問題ありません。

ステップ2: 野菜が多く含まれるメニューを選ぶ。
「試券アナリストセット」が880円で、ラーメン小と野菜炒めが含まれています。野菜が多く含まれているので、ダイエット中の方に適しています。

ステップ3: 脂質の高いメニューは避ける。
「牛パラーセット」は900円ですが、牛肉料理が含まれているので脂質が高くなる可能性があります。ダイエット中は控えめが良いでしょう。

ステップ4: 価格も考慮する。
上記2つのセットは900円以下と比較的リーズナブルな価格です。

総合的に見ると、「道修町ラーメンセット」または「試券アナリストセット」がダイエット中の30代男性におすすめのランチメニューになります。",1655,429,0.004965,0.006435,13.673498630523682
claude-3-sonnet-20240229,./osho_menu_lite.jpg,798x622,4,私はダイエット中の30代男性です。ランチにおすすめのメニューはどれですか？,"ダイエット中の30代男性におすすめのメニューを選ぶ際は、カロリーや栄養バランスを考慮する必要があります。以下のステップで回答します。

ステップ1: メニューの中から、比較的カロリーが低そうなセットを探します。
低カロリーそうなセットは、「酢アナリストセット」(880円)と「元気バリバリセット」(860円)です。

ステップ2: 2つのセットの内容を比較し、より健康的な選択肢を判断します。
「酢アナリストセット」には、ご飯、汁物、一品料理が含まれています。
「元気バリバリセット」には、チャーハン(ラム肉)、ジャコ天、おにぎり、漬物が含まれています。

ステップ3: 栄養バランスの観点から、おすすめのセットを選びます。
「元気バリバリセット」にはラム肉を使ったチャーハンが入っているため、脂質が多めかもしれません。一方の「酢アナリストセット」は、ご飯、汁物、一品料理と比較的バランスが良さそうです。

したがって、ダイエット中の30代男性には、「酢アナリストセット」(880円)がおすすめのメニューと言えます。",782,416,0.002346,0.00624,10.049841165542603
claude-3-haiku-20240307,./osho_menu.jpg,3193x2489,1,ザ・北浜タワーセットの価格を教えてください。,"1. ザ・北浜タワーセットの価格は1,000円+税です。

2. メニューの中にある「ザ・北浜タワーセット」の項目を確認すると、その価格が1,000円+税と記載されています。

3. このセットには、すぶた、杏仁豆腐、スープなどが含まれています。

4. 他のセットメニューと比較すると、このザ・北浜タワーセットが最も高価な選択肢となっています。",1690,154,0.00042249999999999997,0.00019250000000000002,3.753199577331543
claude-3-haiku-20240307,./osho_menu_lite.jpg,798x622,1,ザ・北浜タワーセットの価格を教えてください。,"以下のステップで回答します:

ステップ1: 画像を確認すると、「ザ・北浜タワーセット」の価格が1,000円+税と表示されています。

ステップ2: したがって、ザ・北浜タワーセットの価格は1,000円+税となります。",817,96,0.00020424999999999998,0.00012000000000000002,2.170156717300415
claude-3-haiku-20240307,./osho_menu.jpg,3193x2489,2,牛パワーセットのライスを大盛りにしたときの価格を教えて下さい。,"以下のステップで回答します:

ステップ1: 画像を確認すると、「牛パワーセット」の価格は900円+税と記載されています。

ステップ2: 画像には「ライスを大盛りにする」オプションの価格は表示されていません。

ステップ3: したがって、牛パワーセットのライスを大盛りにした場合の価格は、基本の900円+税に大盛りの追加料金が加算されることになりますが、その追加料金は明示されていないため、正確な価格を特定することはできません。",1699,177,0.00042475,0.00022125,4.006792068481445
claude-3-haiku-20240307,./osho_menu_lite.jpg,798x622,2,牛パワーセットのライスを大盛りにしたときの価格を教えて下さい。,"以下のステップで回答します:

ステップ1: 画像を確認すると、牛パワーセットの価格は900円+税と表示されています。

ステップ2: 大盛りにした場合の価格は表示されていませんが、通常の価格に10円が加算されると考えられます。

ステップ3: したがって、牛パワーセットを大盛りにした場合の価格は910円+税となります。",826,135,0.00020649999999999998,0.00016875,2.495068073272705
claude-3-haiku-20240307,./osho_menu.jpg,3193x2489,3,餃子とみそ汁が食べられるメニューを教えてください。,"以下のステップで回答します:

ステップ1: 画像を確認すると、「証券アナリストセット」というメニューに餃子とみそ汁が含まれていることがわかります。

ステップ2: 「証券アナリストセット」は880円+税で提供されています。

ステップ3: このメニューには、餃子1人前と正油ラーメンが含まれています。

ですので、餃子とみそ汁が食べられるメニューは「証券アナリストセット」です。",1692,162,0.000423,0.00020250000000000002,4.23896050453186
claude-3-haiku-20240307,./osho_menu_lite.jpg,798x622,3,餃子とみそ汁が食べられるメニューを教えてください。,"以下のステップで回答します:

ステップ1: 画像を確認すると、「ジャスタック焼飯セット」というメニューに餃子とみそ汁が含まれていることがわかります。

ステップ2: 「ジャスタック焼飯セット」のメニュー項目には、「餃子」と「みそ汁」が含まれていることが明記されています。

ステップ3: したがって、餃子とみそ汁が食べられるメニューは「ジャスタック焼飯セット」です。",819,170,0.00020475,0.00021250000000000002,2.8221359252929688
claude-3-haiku-20240307,./osho_menu.jpg,3193x2489,4,私はダイエット中の30代男性です。ランチにおすすめのメニューはどれですか？,"はい、ダイエット中の30代男性にとって、以下のメニューがおすすめです。

ステップ1: 「証券アナリストセット」が適切です。このセットには、ラーメン、焼飯、玉子焼きなどのバランスの良い食事が含まれており、カロリーも控えめです。

ステップ2: 「生パワーセット」も良い選択肢です。肉料理と野菜料理のバランスが取れており、ダイエット中の方にも適しています。

ステップ3: 「元気バリバリセット」は、チキン、ごはん、みそ汁など、バランスの良い和食メニューが揃っているため、ダイエット中の方にもおすすめです。

ステップ4: これらのメニューは、適度な量と栄養バランスが取れているため、ダイエット中の30代男性にとって良い選択肢だと思います。",1701,291,0.00042524999999999996,0.00036375000000000003,5.193928480148315
claude-3-haiku-20240307,./osho_menu_lite.jpg,798x622,4,私はダイエット中の30代男性です。ランチにおすすめのメニューはどれですか？,"ダイエット中の30代男性にとって、おすすめのランチメニューは以下のステップで選択することができます:

ステップ1: 低カロリーで栄養のバランスが良いメニューを選ぶ必要があります。
ステップ2: 「道修町ラーメンセット」は980円と手頃な価格で、ラーメンとライスが付いており、バランスの良い食事になります。
ステップ3: 「元気バリバリセット」は860円と低価格で、チキン、ご飯、味噌汁などが付いており、ダイエット中の方にも適しています。
ステップ4: これらのメニューは、カロリーや栄養のバランスが良く、ダイエット中の30代男性にとって適切な選択肢だと考えられます。",828,255,0.000207,0.00031875,3.7779979705810547
